{
  "metrics": {
    "sharpe_ratio": -0.3525208924790561,
    "sortino_ratio": -0.4541743902501292,
    "calmar_ratio": -0.03874534307808093,
    "max_drawdown": -0.27473819396686994,
    "total_return": -0.13705623617959195
  },
  "timestamp": "2025-11-12T15:01:49.156948"
}