{
  "metrics": {
    "sharpe_ratio": -0.47148991565952514,
    "sortino_ratio": -0.6021252563360778,
    "calmar_ratio": -0.03670631264552086,
    "max_drawdown": -0.40179219958891815,
    "total_return": -0.18507019344572495
  },
  "timestamp": "2025-11-12T15:05:23.645453+00:00"
}